1,cbebe,2022-01-10,08:13:00,1
2,maliniris,2022-01-10,09:01:00,1
3,cbebe,2022-01-10,21:13:00,2
4,maliniris,2022-01-10,22:01:00,2
5,rlatrish,2022-01-11,06:46:00,1
6,rlatrish,2022-01-11,09:01:00,2
7,rlatrish,2022-01-11,09:34:00,1
8,rlatrish,2022-01-11,10:28:00,2
9,rlatrish,2022-01-11,12:34:00,1
10,rlatrish,2022-01-11,18:28:00,2
11,cbebe,2022-01-11,18:28:05,1
12,cbebe,2022-01-11,19:28:00,2
13,ohara,2022-01-12,10:00:00,1
14,ohara,2022-01-12,10:20:00,2
15,ohara,2022-01-12,11:00:00,1
16,ohara,2022-01-12,11:20:00,2
17,ohara,2022-01-12,12:00:00,1
18,ohara,2022-01-12,12:20:00,2
19,ohara,2022-01-12,13:00:00,1
20,ohara,2022-01-12,13:20:00,2
21,ohara,2022-03-12,10:00:00,1
22,ohara,2022-03-12,10:20:00,2
